number,sounds (reference),image (peg word),note / clarifier,decode hook (image → number)
0,s/z · s/z,Sauce,,
1,s/z · t/d,Seed,,"A single lone seed sprouts one straight stem shooting up like the number 1 — one seed, Seed = 1."
2,s/z · n,Sun,,"The sun blazes in the sky while its twin shimmers reflected in the water below — 2 suns, Sun = 2."
3,s/z · m,Sumo,,"A sumo wrestler braces on 3 massive legs as he stomps the ring — count them, 3 — Sumo = 3."
4,s/z · r,Sore,,"A car limps along with a throbbing sore on each of its 4 tires — 4 sores, Sore = 4."
5,s/z · L,Soul,,"A glowing soul streams out through all 5 fingers of an open hand and reconnects just outside the body — 5 fingers, Soul = 5."
6,s/z · j·sh·ch,Sushi,,
7,s/z · k·g,Sock,,
8,s/z · f·v,Sofa,,
9,s/z · p·b,Soap,,
10,t/d · s/z,Dice,,
11,t/d · t/d,Dad,,
12,t/d · n,DNA,a DNA double-helix,
13,t/d · m,Dime,,
14,t/d · r,Door,,
15,t/d · L,Doll,,
16,t/d · j·sh·ch,Tissue,,
17,t/d · k·g,Toga,,
18,t/d · f·v,TV,,
19,t/d · p·b,Tuba,,
20,n · s/z,Nose,,
21,n · t/d,Net,,
22,n · n,Nun,,
23,n · m,Nemo,,
24,n · r,Nero,,
25,n · L,Nail,,
26,n · j·sh·ch,Nacho,,
27,n · k·g,Nike,,
28,n · f·v,Knife,,
29,n · p·b,Nap,,
30,m · s/z,Mouse,a small mouse,
31,m · t/d,Mat,,
32,m · n,Moon,,
33,m · m,Mummy,,
34,m · r,Mare,,
35,m · L,Molly,,
36,m · j·sh·ch,Match,,
37,m · k·g,Mic,,
38,m · f·v,Movie,,
39,m · p·b,Map,,
40,r · s/z,Rose,,
41,r · t/d,Radio,,
42,r · n,Rhino,,
43,r · m,Rum,a bottle of rum,
44,r · r,Error,a red X error mark,
45,r · L,Reel,,
46,r · j·sh·ch,Arch,,
47,r · k·g,Rock,,
48,r · f·v,Roof,,
49,r · p·b,Harp,,
50,L · s/z,Lasso,,
51,L · t/d,Lid,,
52,L · n,Lion,,
53,L · m,Limo,,
54,L · r,Hillary,the name Hillary,
55,L · L,LOL,LOL — laughing out loud,
56,L · j·sh·ch,Leech,,
57,L · k·g,Leak,,
58,L · f·v,Lava,,
59,L · p·b,Lip,,
60,j·sh·ch · s/z,Cheese,,
61,j·sh·ch · t/d,Cheetah,,
62,j·sh·ch · n,Genie,,
63,j·sh·ch · m,Chime,,
64,j·sh·ch · r,Cherry,,
65,j·sh·ch · L,Chilli,,
66,j·sh·ch · j·sh·ch,Judge,,
67,j·sh·ch · k·g,Chick,,
68,j·sh·ch · f·v,Chef,,
69,j·sh·ch · p·b,Ship,,
70,k·g · s/z,Goose,,
71,k·g · t/d,Cat,,
72,k·g · n,Gun,,
73,k·g · m,Gum,,
74,k·g · r,Car,,
75,k·g · L,Koala,,
76,k·g · j·sh·ch,Cage,,
77,k·g · k·g,Cake,,
78,k·g · f·v,Coffee,,
79,k·g · p·b,Cube,a Rubik's Cube,
80,f·v · s/z,Vase,,
81,f·v · t/d,Foot,,
82,f·v · n,Fan,,
83,f·v · m,Foam,,
84,f·v · r,Fire,,
85,f·v · L,Fly,,
86,f·v · j·sh·ch,Fish,,
87,f·v · k·g,Fog,,
88,f·v · f·v,FIFA,a FIFA soccer star,
89,f·v · p·b,Phoebe,Phoebe from Friends,
90,p·b · s/z,Bus,,
91,p·b · t/d,Bat,,
92,p·b · n,Piano,,
93,p·b · m,Beam,a beam of light,
94,p·b · r,Bear,,
95,p·b · L,Apple,,
96,p·b · j·sh·ch,Bush,,
97,p·b · k·g,Book,,
98,p·b · f·v,Biff,"Biff, Back to the Future",
99,p·b · p·b,Poop,the poop emoji,
100,t/d · s/z · s/z,Daisies,,
101,t/d · s/z · t/d,Toast,,
102,t/d · s/z · n,Dozen,,
103,t/d · s/z · m,Tasmanian devil,the Tasmanian devil,
104,t/d · s/z · r,Taser,,
105,t/d · s/z · L,Tesla,,
106,t/d · s/z · j·sh·ch,Dosage,,
107,t/d · s/z · k·g,Disc,,
108,t/d · s/z · f·v,Adhesive,,
109,t/d · s/z · p·b,Teaspoon,,
110,t/d · t/d · s/z,Adidas,Adidas shoes,
111,t/d · t/d · t/d,Deadwood,Deadwood — a pile of dead logs,
112,t/d · t/d · n,Titan,,
113,t/d · t/d · m,Totem,,
114,t/d · t/d · r,Tutor,,
115,t/d · t/d · L,Doodle,,
116,t/d · t/d · j·sh·ch,Ditch,,
117,t/d · t/d · k·g,Hotdog,,
118,t/d · t/d · f·v,Dead fox,a dead fox,
119,t/d · t/d · p·b,Hot tub,,
120,t/d · n · s/z,Tennis,,
121,t/d · n · t/d,Tent,,
122,t/d · n · n,Tuna,,
123,t/d · n · m,Dynamite,,
124,t/d · n · r,Dinner,,
125,t/d · n · L,Tunnel,,
126,t/d · n · j·sh·ch,Tangerine,,
127,t/d · n · k·g,Tank,,
128,t/d · n · f·v,Tinfoil,,
129,t/d · n · p·b,Tenpin,,
130,t/d · m · s/z,Thames,,
131,t/d · m · t/d,Tomato,,
132,t/d · m · n,Diamond,,
133,t/d · m · m,Time machine,a time machine,
134,t/d · m · r,Timer,,
135,t/d · m · L,Oatmeal,,
136,t/d · m · j·sh·ch,Damage,,
137,t/d · m · k·g,Tomcat,,
138,t/d · m · f·v,The Movie,the movie,
139,t/d · m · p·b,Dumbo,Dumbo the elephant,
140,t/d · r · s/z,Dress,,
141,t/d · r · t/d,Dart,,
142,t/d · r · n,Drone,,
143,t/d · r · m,Tram,,
144,t/d · r · r,Dryer,,
145,t/d · r · L,Drill,,
146,t/d · r · j·sh·ch,Torch,,
147,t/d · r · k·g,Truck,,
148,t/d · r · f·v,Trophy,,
149,t/d · r · p·b,Drop,,
150,t/d · L · s/z,Tellus,"Tellus, the Roman earth goddess",
151,t/d · L · t/d,Toilet,,
152,t/d · L · n,Dylan,Bob Dylan,
153,t/d · L · m,Dilemma,a dilemma — a hard choice,
154,t/d · L · r,Tailor,,
155,t/d · L · L,Delilah,Delilah (Samson & Delilah),
156,t/d · L · j·sh·ch,Deluge,a deluge — a great flood,
157,t/d · L · k·g,Talc,talc — talcum powder,
158,t/d · L · f·v,Tea leaf,,
159,t/d · L · p·b,Tulip,,
160,t/d · j·sh·ch · s/z,Duchess,,
161,t/d · j·sh·ch · t/d,Hatchet,,
162,t/d · j·sh·ch · n,Audition,,
163,t/d · j·sh·ch · m,Taj Mahal,the Taj Mahal,
164,t/d · j·sh·ch · r,Teacher,,
165,t/d · j·sh·ch · L,Eat chilli,eating a hot chilli,
166,t/d · j·sh·ch · j·sh·ch,Dishwasher,,
167,t/d · j·sh·ch · k·g,Hitchhiker,,
168,t/d · j·sh·ch · f·v,Déjà vu,,
169,t/d · j·sh·ch · p·b,Douchebag,,
170,t/d · k·g · s/z,Tacos,,
171,t/d · k·g · t/d,Ticket,,
172,t/d · k·g · n,Toucan,,
173,t/d · k·g · m,Dogma,,
174,t/d · k·g · r,Tiger,,
175,t/d · k·g · L,Tackle,,
176,t/d · k·g · j·sh·ch,Head coach,,